tamanho_da_amostra,m
10 casos,4342.5
10 casos,4247.5
10 casos,4267.5
10 casos,4072.5
10 casos,4425
10 casos,4215
10 casos,3950
10 casos,3922.5
10 casos,4012.5
10 casos,4065
10 casos,4447.5
10 casos,4127.5
10 casos,4167.5
10 casos,4150
10 casos,4295
10 casos,4415
10 casos,3965
10 casos,4285
10 casos,3990
10 casos,3825
10 casos,4200
10 casos,4170
10 casos,4240
10 casos,4492.5
10 casos,3992.5
10 casos,4427.5
10 casos,3950
10 casos,3952.5
10 casos,3940
10 casos,4055
10 casos,4212.5
10 casos,4065
10 casos,4240
10 casos,3900
10 casos,4130
10 casos,4030
10 casos,4132.5
10 casos,3940
10 casos,4122.5
10 casos,4190
10 casos,3975
10 casos,4020
10 casos,4167.5
10 casos,4267.5
10 casos,4532.5
10 casos,4190
10 casos,3897.5
10 casos,4085
10 casos,4207.5
10 casos,3967.5
10 casos,4315
10 casos,4202.5
10 casos,4172.5
10 casos,4522.5
10 casos,4307.5
10 casos,3932.5
10 casos,3880
10 casos,4387.5
10 casos,3972.5
10 casos,4217.5
10 casos,4075
10 casos,3915
10 casos,4122.5
10 casos,4685
10 casos,4462.5
10 casos,4410
10 casos,4502.5
10 casos,3680
10 casos,4385
10 casos,3852.5
10 casos,4207.5
10 casos,4150
10 casos,3710
10 casos,4185
10 casos,4250
10 casos,4355
10 casos,4537.5
10 casos,4562.5
10 casos,4040
10 casos,3985
10 casos,4250
10 casos,4935
10 casos,4005
10 casos,4532.5
10 casos,3945
10 casos,4192.5
10 casos,4657.5
10 casos,3875
10 casos,4142.5
10 casos,4697.5
10 casos,4477.5
10 casos,4600
10 casos,4010
10 casos,4047.5
10 casos,4270
10 casos,4112.5
10 casos,4492.5
10 casos,4285
10 casos,4272.5
10 casos,3820
10 casos,4182.5
10 casos,3965
10 casos,4075
10 casos,4115
10 casos,4510
10 casos,4575
10 casos,4355
10 casos,4212.5
10 casos,4210
10 casos,4377.5
10 casos,3907.5
10 casos,3917.5
10 casos,3995
10 casos,4050
10 casos,4620
10 casos,4467.5
10 casos,4400
10 casos,4060
10 casos,4215
10 casos,4520
10 casos,4472.5
10 casos,4405
10 casos,4785
10 casos,4000
10 casos,4157.5
10 casos,4222.5
10 casos,4110
10 casos,3747.5
10 casos,3875
10 casos,4205
10 casos,4660
10 casos,4115
10 casos,4542.5
10 casos,3785
10 casos,4050
10 casos,4052.5
10 casos,4020
10 casos,3670
10 casos,4272.5
10 casos,4197.5
10 casos,3950
10 casos,4250
10 casos,4495
10 casos,4440
10 casos,3825
10 casos,4367.5
10 casos,4037.5
10 casos,4282.5
10 casos,4125
10 casos,4447.5
10 casos,3930
10 casos,4175
10 casos,3935
10 casos,3677.5
10 casos,3912.5
10 casos,3992.5
10 casos,4117.5
10 casos,4380
10 casos,3917.5
10 casos,3995
10 casos,3787.5
10 casos,4670
10 casos,4217.5
10 casos,3772.5
10 casos,4007.5
10 casos,3632.5
10 casos,4517.5
10 casos,4045
10 casos,4162.5
10 casos,4280
10 casos,4177.5
10 casos,4210
10 casos,4977.5
10 casos,4430
10 casos,4217.5
10 casos,4160
10 casos,4335
10 casos,4435
10 casos,3820
10 casos,4322.5
10 casos,3965
10 casos,4520
10 casos,4022.5
10 casos,4505
10 casos,4290
10 casos,3805
10 casos,4515
10 casos,4122.5
10 casos,4520
10 casos,4142.5
10 casos,5030
10 casos,4040
10 casos,4285
10 casos,4055
10 casos,4362.5
10 casos,4067.5
10 casos,4050
10 casos,3445
10 casos,4242.5
10 casos,3762.5
10 casos,4152.5
10 casos,3965
10 casos,3962.5
10 casos,4090
10 casos,4012.5
10 casos,4335
10 casos,4325
10 casos,4595
10 casos,4152.5
10 casos,4562.5
10 casos,4547.5
10 casos,3635
10 casos,4085
10 casos,4215
10 casos,4032.5
10 casos,4247.5
10 casos,4472.5
10 casos,3930
10 casos,4067.5
10 casos,4465
10 casos,4677.5
10 casos,4092.5
10 casos,4407.5
10 casos,3832.5
10 casos,3965
10 casos,4522.5
10 casos,4445
10 casos,4580
10 casos,4012.5
10 casos,3945
10 casos,4197.5
10 casos,4332.5
10 casos,4132.5
10 casos,3955
10 casos,4287.5
10 casos,4212.5
10 casos,4200
10 casos,4125
10 casos,4192.5
10 casos,4477.5
10 casos,4230
10 casos,4240
10 casos,4082.5
10 casos,4560
10 casos,4480
10 casos,4207.5
10 casos,4775
10 casos,4652.5
10 casos,4322.5
10 casos,4317.5
10 casos,3972.5
10 casos,4040
10 casos,4230
10 casos,3950
10 casos,4352.5
10 casos,4440
10 casos,3902.5
10 casos,3987.5
10 casos,4267.5
10 casos,3677.5
10 casos,4135
10 casos,4257.5
10 casos,3917.5
10 casos,4282.5
10 casos,4230
10 casos,3735
10 casos,4265
10 casos,4725
10 casos,3720
10 casos,4342.5
10 casos,4260
10 casos,4945
10 casos,4175
10 casos,4022.5
10 casos,4085
10 casos,4212.5
10 casos,4425
10 casos,4062.5
10 casos,4410
10 casos,4427.5
10 casos,4295
10 casos,4177.5
10 casos,4257.5
10 casos,4185
10 casos,4142.5
10 casos,4145
10 casos,4267.5
10 casos,4122.5
10 casos,3812.5
10 casos,4685
10 casos,4380
10 casos,3747.5
10 casos,4275
10 casos,4500
10 casos,4080
10 casos,4390
10 casos,4360
10 casos,4112.5
10 casos,4085
10 casos,3910
10 casos,4362.5
10 casos,4195
10 casos,3930
10 casos,4170
10 casos,4465
10 casos,4387.5
10 casos,3842.5
10 casos,4585
10 casos,4797.5
10 casos,4202.5
10 casos,4500
10 casos,4272.5
10 casos,4105
10 casos,4280
10 casos,4582.5
10 casos,4095
10 casos,4417.5
10 casos,4370
10 casos,4215
10 casos,3567.5
10 casos,4422.5
10 casos,4445
10 casos,4225
10 casos,4200
10 casos,4532.5
10 casos,3972.5
10 casos,4147.5
10 casos,4365
10 casos,3947.5
10 casos,4515
10 casos,4967.5
10 casos,4160
10 casos,4282.5
10 casos,4177.5
10 casos,4462.5
10 casos,3932.5
10 casos,4297.5
10 casos,4425
10 casos,4232.5
10 casos,4105
10 casos,3990
10 casos,4540
10 casos,3610
10 casos,4100
10 casos,4157.5
10 casos,4050
10 casos,3592.5
10 casos,4055
10 casos,4027.5
10 casos,4402.5
10 casos,3887.5
10 casos,4090
10 casos,4100
10 casos,4082.5
10 casos,3797.5
10 casos,4817.5
10 casos,4050
10 casos,4317.5
10 casos,4902.5
10 casos,4427.5
10 casos,3907.5
10 casos,4077.5
10 casos,4272.5
10 casos,4245
10 casos,4062.5
10 casos,4070
10 casos,4067.5
10 casos,3887.5
10 casos,4097.5
10 casos,4157.5
10 casos,4175
10 casos,3832.5
10 casos,4660
10 casos,4087.5
10 casos,4092.5
10 casos,4080
10 casos,4172.5
10 casos,4072.5
10 casos,4210
10 casos,4305
10 casos,4050
10 casos,3842.5
10 casos,4045
10 casos,4247.5
10 casos,4235
10 casos,3927.5
10 casos,4297.5
10 casos,3722.5
10 casos,3995
10 casos,4137.5
10 casos,4600
10 casos,4192.5
10 casos,4212.5
10 casos,4717.5
10 casos,4250
10 casos,4220
10 casos,3912.5
10 casos,4210
10 casos,4690
10 casos,4222.5
10 casos,4075
10 casos,3815
10 casos,4077.5
10 casos,4365
10 casos,4245
10 casos,4477.5
10 casos,4392.5
10 casos,4237.5
10 casos,4335
10 casos,4217.5
10 casos,3717.5
10 casos,3877.5
10 casos,3827.5
10 casos,3945
10 casos,4005
10 casos,4037.5
10 casos,4095
10 casos,4495
10 casos,4632.5
10 casos,4135
10 casos,4340
10 casos,3882.5
10 casos,4147.5
10 casos,3980
10 casos,4387.5
10 casos,4510
10 casos,4547.5
10 casos,4470
10 casos,4252.5
10 casos,4645
10 casos,4285
10 casos,4155
10 casos,4322.5
10 casos,4337.5
10 casos,4192.5
10 casos,4077.5
10 casos,4090
10 casos,4137.5
10 casos,4235
10 casos,3667.5
10 casos,4275
10 casos,3925
10 casos,4110
10 casos,4097.5
10 casos,4202.5
10 casos,3970
10 casos,4337.5
10 casos,4347.5
10 casos,4257.5
10 casos,3645
10 casos,3852.5
10 casos,3897.5
10 casos,4580
10 casos,4140
10 casos,3967.5
10 casos,4120
10 casos,3930
10 casos,4122.5
10 casos,4297.5
10 casos,4250
10 casos,4000
10 casos,4230
10 casos,3982.5
10 casos,3897.5
10 casos,4212.5
10 casos,4172.5
10 casos,4427.5
10 casos,3992.5
10 casos,4402.5
10 casos,4240
10 casos,4355
10 casos,4220
10 casos,4085
10 casos,4240
10 casos,4305
10 casos,4385
10 casos,4407.5
10 casos,4372.5
10 casos,3577.5
10 casos,4350
10 casos,4170
10 casos,4272.5
10 casos,3872.5
10 casos,4580
10 casos,4167.5
10 casos,4112.5
10 casos,4475
10 casos,4450
10 casos,4150
10 casos,4432.5
10 casos,4735
10 casos,4060
10 casos,4050
10 casos,3995
10 casos,4160
10 casos,3857.5
10 casos,4210
10 casos,3980
10 casos,4695
10 casos,3692.5
10 casos,4317.5
10 casos,5047.5
10 casos,4327.5
10 casos,4317.5
10 casos,4440
10 casos,4367.5
10 casos,4082.5
10 casos,3990
10 casos,3797.5
10 casos,4407.5
10 casos,4190
10 casos,4367.5
10 casos,4277.5
10 casos,4530
10 casos,4302.5
10 casos,4000
10 casos,4092.5
10 casos,4685
10 casos,4220
10 casos,4557.5
10 casos,4455
10 casos,4360
10 casos,4600
10 casos,4695
10 casos,4545
10 casos,4135
10 casos,4717.5
10 casos,4457.5
10 casos,4002.5
10 casos,4972.5
10 casos,4297.5
10 casos,3925
10 casos,4052.5
10 casos,4085
10 casos,3617.5
10 casos,3880
10 casos,4052.5
10 casos,4305
10 casos,4192.5
10 casos,3922.5
10 casos,4087.5
10 casos,4082.5
10 casos,4410
10 casos,4110
10 casos,4222.5
10 casos,4470
10 casos,4517.5
10 casos,4195
10 casos,4162.5
10 casos,3967.5
10 casos,4365
10 casos,4465
10 casos,4227.5
10 casos,4395
10 casos,4212.5
10 casos,4360
10 casos,4065
10 casos,4095
10 casos,4472.5
10 casos,4140
10 casos,4037.5
10 casos,4562.5
10 casos,4530
10 casos,4180
10 casos,4597.5
10 casos,4005
10 casos,3775
10 casos,3950
10 casos,3970
10 casos,4310
10 casos,4560
10 casos,4587.5
10 casos,4280
10 casos,3980
10 casos,4162.5
10 casos,4472.5
10 casos,4085
10 casos,4615
10 casos,4235
10 casos,4217.5
10 casos,4120
10 casos,4212.5
10 casos,4120
10 casos,4277.5
10 casos,3817.5
10 casos,4087.5
10 casos,3845
10 casos,4342.5
10 casos,4152.5
10 casos,4062.5
10 casos,4007.5
10 casos,4032.5
10 casos,3807.5
10 casos,4302.5
10 casos,3787.5
10 casos,3822.5
10 casos,4400
10 casos,4202.5
10 casos,4522.5
10 casos,3702.5
10 casos,3877.5
10 casos,4135
10 casos,4505
10 casos,4537.5
10 casos,3922.5
10 casos,4327.5
10 casos,4600
10 casos,4217.5
10 casos,4390
10 casos,3952.5
10 casos,4345
10 casos,4405
10 casos,4572.5
10 casos,4205
10 casos,4270
10 casos,4092.5
10 casos,4592.5
10 casos,4177.5
10 casos,4622.5
10 casos,4132.5
10 casos,3780
10 casos,4480
10 casos,4350
10 casos,4132.5
10 casos,4335
10 casos,4015
10 casos,4300
10 casos,3650
10 casos,3902.5
10 casos,4077.5
10 casos,4470
10 casos,3985
10 casos,3675
10 casos,4240
10 casos,3920
10 casos,4512.5
10 casos,4177.5
10 casos,3645
10 casos,3992.5
10 casos,4355
10 casos,4140
10 casos,4057.5
10 casos,3747.5
10 casos,4362.5
10 casos,4045
10 casos,4287.5
10 casos,3952.5
10 casos,4002.5
10 casos,4395
10 casos,4080
10 casos,4280
10 casos,4115
10 casos,3517.5
10 casos,4592.5
10 casos,4390
10 casos,4335
10 casos,4102.5
10 casos,4035
10 casos,4525
10 casos,4332.5
10 casos,4417.5
10 casos,4117.5
10 casos,4055
10 casos,4435
10 casos,3870
10 casos,3927.5
10 casos,4065
10 casos,4672.5
10 casos,4010
10 casos,4485
10 casos,4467.5
10 casos,3610
10 casos,4367.5
10 casos,4262.5
10 casos,4132.5
10 casos,4487.5
10 casos,4120
10 casos,4672.5
10 casos,4430
10 casos,4037.5
10 casos,3867.5
10 casos,3850
10 casos,3662.5
10 casos,3937.5
10 casos,4665
10 casos,4207.5
10 casos,4570
10 casos,4280
10 casos,4432.5
10 casos,4552.5
10 casos,3670
10 casos,4432.5
10 casos,3985
10 casos,4270
10 casos,4060
10 casos,4430
10 casos,4002.5
10 casos,4017.5
10 casos,4245
10 casos,4077.5
10 casos,3940
10 casos,4525
10 casos,4200
10 casos,3952.5
10 casos,4205
10 casos,4355
10 casos,3997.5
10 casos,3957.5
10 casos,4067.5
10 casos,4610
10 casos,3972.5
10 casos,4470
10 casos,4192.5
10 casos,4042.5
10 casos,4090
10 casos,4202.5
10 casos,4337.5
10 casos,3972.5
10 casos,4202.5
10 casos,4165
10 casos,4330
10 casos,3987.5
10 casos,3872.5
10 casos,4577.5
10 casos,4375
10 casos,4122.5
10 casos,4172.5
10 casos,4115
10 casos,4340
10 casos,4117.5
10 casos,3952.5
10 casos,4000
10 casos,3840
10 casos,4400
10 casos,4210
10 casos,4277.5
10 casos,4465
10 casos,4170
10 casos,4380
10 casos,4560
10 casos,4645
10 casos,4715
10 casos,4360
10 casos,4380
10 casos,4297.5
10 casos,4265
10 casos,4377.5
10 casos,4295
10 casos,4160
10 casos,3920
10 casos,4077.5
10 casos,3835
10 casos,4062.5
10 casos,3807.5
10 casos,4395
10 casos,4320
10 casos,4240
10 casos,4465
10 casos,3997.5
10 casos,4137.5
10 casos,3952.5
10 casos,4180
10 casos,4000
10 casos,3972.5
10 casos,4022.5
10 casos,4247.5
10 casos,4680
10 casos,4025
10 casos,4277.5
10 casos,4115
10 casos,4262.5
10 casos,4192.5
10 casos,4615
10 casos,4500
10 casos,4485
10 casos,4245
10 casos,4755
10 casos,4345
10 casos,4250
10 casos,4205
10 casos,3770
10 casos,3852.5
10 casos,3942.5
10 casos,4417.5
10 casos,4202.5
10 casos,4575
10 casos,4277.5
10 casos,4625
10 casos,4605
10 casos,4117.5
10 casos,4372.5
10 casos,4155
10 casos,4177.5
10 casos,4342.5
10 casos,4052.5
10 casos,4005
10 casos,4010
10 casos,4700
10 casos,4472.5
10 casos,4220
10 casos,4395
10 casos,4475
10 casos,4070
10 casos,4110
10 casos,4622.5
10 casos,4155
10 casos,4137.5
10 casos,4050
10 casos,4520
10 casos,4262.5
10 casos,4190
10 casos,4280
10 casos,4172.5
10 casos,4105
10 casos,4097.5
10 casos,4452.5
10 casos,4545
10 casos,4065
10 casos,4127.5
10 casos,4127.5
10 casos,3932.5
10 casos,4330
10 casos,3925
10 casos,4040
10 casos,3780
10 casos,4635
10 casos,4002.5
10 casos,4117.5
10 casos,4025
10 casos,4565
10 casos,4655
10 casos,3947.5
10 casos,4335
10 casos,3960
10 casos,3910
10 casos,4605
10 casos,4162.5
10 casos,4425
10 casos,4502.5
10 casos,4140
10 casos,4105
10 casos,4370
10 casos,4312.5
10 casos,4042.5
10 casos,4235
10 casos,4300
10 casos,3587.5
10 casos,4137.5
10 casos,4237.5
10 casos,3997.5
10 casos,4760
10 casos,4027.5
10 casos,3737.5
10 casos,4422.5
10 casos,4175
10 casos,3727.5
10 casos,4160
10 casos,4840
10 casos,3787.5
10 casos,4350
10 casos,4237.5
10 casos,4025
10 casos,3967.5
10 casos,4500
10 casos,4860
10 casos,3897.5
10 casos,3927.5
10 casos,4485
10 casos,4020
10 casos,3802.5
10 casos,4547.5
10 casos,3685
10 casos,3877.5
10 casos,4475
10 casos,4335
10 casos,4282.5
10 casos,4030
10 casos,4462.5
10 casos,4037.5
10 casos,4405
10 casos,3825
10 casos,4010
10 casos,4400
10 casos,4005
10 casos,4067.5
10 casos,4535
10 casos,4522.5
10 casos,4577.5
10 casos,4112.5
10 casos,4327.5
10 casos,4545
10 casos,4432.5
10 casos,4707.5
10 casos,4165
10 casos,4410
10 casos,4167.5
10 casos,3975
10 casos,4517.5
10 casos,3865
10 casos,4057.5
10 casos,4597.5
10 casos,4392.5
10 casos,4177.5
10 casos,4612.5
10 casos,4507.5
10 casos,4405
10 casos,4262.5
10 casos,4225
10 casos,4580
10 casos,4725
10 casos,4047.5
10 casos,4430
10 casos,3940
10 casos,4032.5
10 casos,4082.5
10 casos,3725
10 casos,4062.5
10 casos,4677.5
10 casos,4357.5
10 casos,4075
10 casos,4260
10 casos,4562.5
10 casos,4272.5
10 casos,4150
10 casos,4107.5
10 casos,4375
10 casos,4617.5
10 casos,4407.5
10 casos,4610
10 casos,4165
10 casos,4100
10 casos,3770
10 casos,4337.5
10 casos,3970
10 casos,4152.5
10 casos,4062.5
10 casos,4545
10 casos,4207.5
10 casos,4100
10 casos,4212.5
10 casos,4090
10 casos,3755
10 casos,4155
10 casos,4117.5
10 casos,4362.5
10 casos,4010
10 casos,4095
10 casos,3972.5
10 casos,4155
10 casos,4112.5
10 casos,4222.5
10 casos,3987.5
10 casos,4090
10 casos,4325
10 casos,4437.5
10 casos,4687.5
10 casos,4007.5
10 casos,4480
10 casos,3787.5
10 casos,4567.5
10 casos,4237.5
10 casos,4075
10 casos,4140
10 casos,4177.5
10 casos,3615
10 casos,4605
10 casos,4577.5
10 casos,4905
10 casos,4732.5
10 casos,3912.5
10 casos,4325
10 casos,4620
10 casos,4312.5
10 casos,4492.5
10 casos,3960
10 casos,4630
10 casos,4080
10 casos,3925
10 casos,3875
10 casos,4360
10 casos,4140
10 casos,4642.5
10 casos,4272.5
10 casos,4207.5
10 casos,4705
10 casos,4337.5
10 casos,3962.5
10 casos,4302.5
10 casos,3925
10 casos,4485
10 casos,4382.5
10 casos,4477.5
10 casos,4120
10 casos,4445
10 casos,4082.5
10 casos,3970
10 casos,4105
10 casos,4442.5
10 casos,4177.5
10 casos,3962.5
50 casos,4035.5
50 casos,4302.5
50 casos,4107
50 casos,4171
50 casos,4103.5
50 casos,4306.5
50 casos,4251.5
50 casos,4078
50 casos,3986
50 casos,4333
50 casos,4303
50 casos,4103.5
50 casos,4359
50 casos,4174.5
50 casos,4133.5
50 casos,4235.5
50 casos,4024
50 casos,4153.5
50 casos,4332
50 casos,4283
50 casos,4404.5
50 casos,4121.5
50 casos,4193
50 casos,4303
50 casos,4179
50 casos,4094
50 casos,4141.5
50 casos,4257
50 casos,4235.5
50 casos,4140
50 casos,4278
50 casos,4230.5
50 casos,4407
50 casos,4249.5
50 casos,4108
50 casos,4162
50 casos,4090
50 casos,4146
50 casos,3957
50 casos,4045.5
50 casos,4235
50 casos,4249.5
50 casos,4119.5
50 casos,4261
50 casos,4307
50 casos,4434.5
50 casos,4124.5
50 casos,4082
50 casos,4209.5
50 casos,4359.5
50 casos,4290.5
50 casos,4222.5
50 casos,4114
50 casos,4125
50 casos,4329
50 casos,3969.5
50 casos,4135
50 casos,4096.5
50 casos,4168.5
50 casos,4164
50 casos,4047.5
50 casos,4367
50 casos,4152.5
50 casos,4193.5
50 casos,4132
50 casos,4106
50 casos,4035
50 casos,4215.5
50 casos,4061.5
50 casos,4095.5
50 casos,4321.5
50 casos,4257
50 casos,4213.5
50 casos,4262.5
50 casos,4149.5
50 casos,4302
50 casos,4001
50 casos,4313.5
50 casos,4327
50 casos,4148
50 casos,4341.5
50 casos,4228
50 casos,4261
50 casos,4324
50 casos,4369.5
50 casos,4273
50 casos,4186
50 casos,3932.5
50 casos,4238.5
50 casos,4331.5
50 casos,4029.5
50 casos,4264
50 casos,4404
50 casos,4268
50 casos,4117.5
50 casos,4235
50 casos,4148
50 casos,4271
50 casos,4398.5
50 casos,4238
50 casos,4296
50 casos,4302
50 casos,4377
50 casos,4297
50 casos,4380.5
50 casos,4113.5
50 casos,4268
50 casos,4223
50 casos,4056.5
50 casos,4369
50 casos,3965.5
50 casos,4273
50 casos,4231.5
50 casos,4163
50 casos,4254.5
50 casos,4183.5
50 casos,4045.5
50 casos,4129.5
50 casos,4097.5
50 casos,4370.5
50 casos,4249.5
50 casos,4295
50 casos,4143
50 casos,4173.5
50 casos,4219.5
50 casos,4225
50 casos,4231.5
50 casos,4209.5
50 casos,4218.5
50 casos,4433.5
50 casos,4509
50 casos,4133
50 casos,4036.5
50 casos,4261
50 casos,4114
50 casos,4162
50 casos,4118.5
50 casos,4283
50 casos,4123.5
50 casos,4231
50 casos,4225
50 casos,4089.5
50 casos,4265.5
50 casos,4162.5
50 casos,4360
50 casos,4265.5
50 casos,3921.5
50 casos,4355.5
50 casos,4198
50 casos,3977.5
50 casos,4125.5
50 casos,4210.5
50 casos,4267
50 casos,4430
50 casos,4210
50 casos,3904.5
50 casos,4250
50 casos,4290.5
50 casos,4290.5
50 casos,4037
50 casos,4072
50 casos,4078.5
50 casos,4025
50 casos,4173
50 casos,4005.5
50 casos,4208
50 casos,4038.5
50 casos,4268
50 casos,4269
50 casos,4311
50 casos,4047
50 casos,4006.5
50 casos,4094
50 casos,4189.5
50 casos,4374.5
50 casos,4164.5
50 casos,4218.5
50 casos,4119
50 casos,4169.5
50 casos,3914
50 casos,4112
50 casos,4128
50 casos,4188.5
50 casos,4184
50 casos,4173.5
50 casos,4172
50 casos,4421.5
50 casos,4252
50 casos,4242.5
50 casos,4148
50 casos,4092
50 casos,4291.5
50 casos,4217.5
50 casos,4089
50 casos,4279
50 casos,4192.5
50 casos,4160.5
50 casos,4142.5
50 casos,4103
50 casos,4024
50 casos,4363
50 casos,4302.5
50 casos,4307.5
50 casos,4236
50 casos,4123.5
50 casos,4082
50 casos,4217
50 casos,4134
50 casos,4260
50 casos,4278
50 casos,4369
50 casos,4128
50 casos,4399.5
50 casos,4292.5
50 casos,4119.5
50 casos,4364
50 casos,4319
50 casos,4032.5
50 casos,4349.5
50 casos,4305.5
50 casos,4111.5
50 casos,4296
50 casos,4028
50 casos,4323
50 casos,4171
50 casos,4192.5
50 casos,4147
50 casos,4017.5
50 casos,4071
50 casos,4067.5
50 casos,4138
50 casos,4375
50 casos,4420
50 casos,4095
50 casos,4330.5
50 casos,4216
50 casos,4016.5
50 casos,4260.5
50 casos,4260
50 casos,4132.5
50 casos,4276.5
50 casos,4236
50 casos,4269
50 casos,4075
50 casos,4085.5
50 casos,4070
50 casos,4372
50 casos,4306.5
50 casos,4188
50 casos,4338.5
50 casos,4189
50 casos,4292.5
50 casos,4062
50 casos,4334
50 casos,4157.5
50 casos,4340.5
50 casos,4188
50 casos,4333
50 casos,4312
50 casos,4199.5
50 casos,4303
50 casos,4219
50 casos,4227.5
50 casos,4300
50 casos,4073
50 casos,4168.5
50 casos,4213.5
50 casos,4254.5
50 casos,4264.5
50 casos,4194.5
50 casos,4312.5
50 casos,4238.5
50 casos,4234
50 casos,4459
50 casos,4168.5
50 casos,4138.5
50 casos,4039.5
50 casos,3952.5
50 casos,4137.5
50 casos,4154
50 casos,4145
50 casos,4277.5
50 casos,4145
50 casos,4370.5
50 casos,4269
50 casos,3994.5
50 casos,4194.5
50 casos,4235
50 casos,4338.5
50 casos,4137.5
50 casos,4176.5
50 casos,4194.5
50 casos,4045.5
50 casos,4295.5
50 casos,4110
50 casos,4188
50 casos,4234.5
50 casos,4295
50 casos,4301
50 casos,4119
50 casos,4275.5
50 casos,4251.5
50 casos,4008
50 casos,4024.5
50 casos,4224
50 casos,4143.5
50 casos,4044
50 casos,4138
50 casos,4226
50 casos,3968
50 casos,4287
50 casos,4136.5
50 casos,4168
50 casos,4178
50 casos,4154.5
50 casos,4218.5
50 casos,4229.5
50 casos,4222.5
50 casos,4369.5
50 casos,4220
50 casos,4260
50 casos,4260.5
50 casos,4411.5
50 casos,4308
50 casos,4119.5
50 casos,4194
50 casos,3920
50 casos,4191.5
50 casos,4183.5
50 casos,3986
50 casos,4287.5
50 casos,4230
50 casos,4122.5
50 casos,4292.5
50 casos,4302.5
50 casos,4210.5
50 casos,4218
50 casos,4141.5
50 casos,4068.5
50 casos,4241
50 casos,4066
50 casos,4214.5
50 casos,4316.5
50 casos,4378
50 casos,4133
50 casos,4211.5
50 casos,4134
50 casos,4056
50 casos,4316.5
50 casos,4163.5
50 casos,4270.5
50 casos,4200
50 casos,4269.5
50 casos,4252
50 casos,4311.5
50 casos,4065.5
50 casos,4037.5
50 casos,4067.5
50 casos,4270
50 casos,4275.5
50 casos,4261.5
50 casos,4282
50 casos,4257.5
50 casos,4287
50 casos,3930.5
50 casos,4265
50 casos,4138
50 casos,4230.5
50 casos,4223
50 casos,4115
50 casos,4300
50 casos,3969.5
50 casos,4212.5
50 casos,4244.5
50 casos,4221.5
50 casos,4080
50 casos,4100.5
50 casos,4059.5
50 casos,4148.5
50 casos,4222
50 casos,4047.5
50 casos,4411.5
50 casos,4073.5
50 casos,4029
50 casos,4028
50 casos,4260.5
50 casos,4052.5
50 casos,4189
50 casos,4112.5
50 casos,4281
50 casos,4325.5
50 casos,4134
50 casos,4189.5
50 casos,4271.5
50 casos,4269
50 casos,4280
50 casos,4270.5
50 casos,4229
50 casos,4379.5
50 casos,4296
50 casos,4196.5
50 casos,4180.5
50 casos,4096
50 casos,4153
50 casos,4321.5
50 casos,4225
50 casos,4367.5
50 casos,4263.5
50 casos,4304.5
50 casos,4222.5
50 casos,4297.5
50 casos,4247.5
50 casos,4417
50 casos,4343
50 casos,4220.5
50 casos,4345.5
50 casos,4322.5
50 casos,4006
50 casos,4102.5
50 casos,4217
50 casos,4258
50 casos,4291
50 casos,4228.5
50 casos,4229.5
50 casos,4258
50 casos,4397
50 casos,4315.5
50 casos,4051.5
50 casos,4174.5
50 casos,4091
50 casos,4308
50 casos,4511.5
50 casos,4269
50 casos,4145.5
50 casos,4338.5
50 casos,4313.5
50 casos,4234.5
50 casos,4391.5
50 casos,4059
50 casos,4144.5
50 casos,4185
50 casos,4223
50 casos,4158
50 casos,4036.5
50 casos,4274
50 casos,3969
50 casos,4210
50 casos,4340.5
50 casos,4251
50 casos,4254.5
50 casos,4082
50 casos,3999.5
50 casos,4186
50 casos,4389.5
50 casos,4318.5
50 casos,4201.5
50 casos,4167
50 casos,4392
50 casos,4328.5
50 casos,4316
50 casos,4247.5
50 casos,4459.5
50 casos,4175
50 casos,4206.5
50 casos,4135
50 casos,4139
50 casos,4315
50 casos,4207.5
50 casos,4225
50 casos,4356
50 casos,4143.5
50 casos,4137
50 casos,4301.5
50 casos,4377
50 casos,4286.5
50 casos,4214.5
50 casos,4211
50 casos,4228.5
50 casos,4173.5
50 casos,4342
50 casos,4143
50 casos,4161
50 casos,4191
50 casos,4131
50 casos,4169.5
50 casos,4119.5
50 casos,4285
50 casos,4088.5
50 casos,4124
50 casos,3904
50 casos,4199
50 casos,4079.5
50 casos,4255.5
50 casos,4123
50 casos,4049.5
50 casos,4115.5
50 casos,4183.5
50 casos,4202.5
50 casos,4073
50 casos,4095.5
50 casos,4356
50 casos,4152.5
50 casos,3922
50 casos,4185
50 casos,4089.5
50 casos,4206
50 casos,4180
50 casos,4324.5
50 casos,4428.5
50 casos,4298.5
50 casos,4103.5
50 casos,4219
50 casos,4243.5
50 casos,4249.5
50 casos,4070.5
50 casos,4323.5
50 casos,4117.5
50 casos,4199.5
50 casos,4130.5
50 casos,4161
50 casos,4164
50 casos,4128
50 casos,4381
50 casos,4180
50 casos,4150
50 casos,4128.5
50 casos,4302.5
50 casos,4122.5
50 casos,4285.5
50 casos,4331.5
50 casos,4258.5
50 casos,4155.5
50 casos,4102
50 casos,4232.5
50 casos,4181
50 casos,4360.5
50 casos,4236
50 casos,4077
50 casos,4027
50 casos,4255.5
50 casos,4329.5
50 casos,4382
50 casos,4006
50 casos,4049
50 casos,4433
50 casos,4012
50 casos,4209
50 casos,4187
50 casos,4088.5
50 casos,4222
50 casos,4311.5
50 casos,4056
50 casos,4381.5
50 casos,4421.5
50 casos,4159
50 casos,4304
50 casos,4127
50 casos,4355.5
50 casos,4251
50 casos,4287.5
50 casos,4047
50 casos,4150.5
50 casos,4065
50 casos,4222.5
50 casos,4272.5
50 casos,4286.5
50 casos,4154.5
50 casos,4244
50 casos,4183.5
50 casos,4151.5
50 casos,4181
50 casos,4357
50 casos,4125
50 casos,4222
50 casos,3971
50 casos,4237.5
50 casos,4256.5
50 casos,3980
50 casos,4133.5
50 casos,4318
50 casos,4217
50 casos,4282
50 casos,4435.5
50 casos,4238
50 casos,4014
50 casos,4240
50 casos,4095
50 casos,4204
50 casos,4038.5
50 casos,4232.5
50 casos,4156
50 casos,4445
50 casos,4109
50 casos,4081
50 casos,3900
50 casos,4113
50 casos,4336.5
50 casos,4150
50 casos,4183
50 casos,4182
50 casos,4392.5
50 casos,4102.5
50 casos,4153.5
50 casos,4010.5
50 casos,4255.5
50 casos,4093.5
50 casos,4122.5
50 casos,4261.5
50 casos,4101.5
50 casos,4213.5
50 casos,4212.5
50 casos,4352.5
50 casos,4033.5
50 casos,4090.5
50 casos,4151
50 casos,4328.5
50 casos,4232.5
50 casos,4130.5
50 casos,4176.5
50 casos,4224.5
50 casos,4170
50 casos,4204
50 casos,4338
50 casos,4175
50 casos,4078
50 casos,4161.5
50 casos,4298
50 casos,4094
50 casos,4148.5
50 casos,4229.5
50 casos,4056.5
50 casos,4116
50 casos,4253
50 casos,4153.5
50 casos,4175
50 casos,4336
50 casos,4116.5
50 casos,4289
50 casos,4321
50 casos,4219
50 casos,4191
50 casos,4145
50 casos,4187.5
50 casos,4338.5
50 casos,4018.5
50 casos,4131.5
50 casos,4173
50 casos,4294
50 casos,4153
50 casos,4233.5
50 casos,4246.5
50 casos,4280.5
50 casos,4320
50 casos,4139
50 casos,4355.5
50 casos,4315.5
50 casos,4255
50 casos,4303
50 casos,4051.5
50 casos,4202.5
50 casos,4093
50 casos,4209.5
50 casos,4211
50 casos,4324.5
50 casos,4208
50 casos,4186.5
50 casos,4313
50 casos,4000.5
50 casos,4100
50 casos,4096
50 casos,4326.5
50 casos,4277
50 casos,4160
50 casos,4324.5
50 casos,4283
50 casos,4073.5
50 casos,4185
50 casos,4222.5
50 casos,4274
50 casos,4202.5
50 casos,4103
50 casos,4060
50 casos,4164
50 casos,4332.5
50 casos,4282
50 casos,4206
50 casos,4207
50 casos,4198.5
50 casos,4128.5
50 casos,4040.5
50 casos,4293
50 casos,4127.5
50 casos,4170
50 casos,4275
50 casos,4147.5
50 casos,4150
50 casos,4306.5
50 casos,4199.5
50 casos,4150.5
50 casos,4183
50 casos,4131
50 casos,4213.5
50 casos,3970
50 casos,4174
50 casos,4489
50 casos,4310.5
50 casos,4149
50 casos,4055.5
50 casos,4014.5
50 casos,4286
50 casos,4260.5
50 casos,4192.5
50 casos,4054.5
50 casos,4284
50 casos,4239.5
50 casos,4157.5
50 casos,4140.5
50 casos,4278.5
50 casos,4325
50 casos,4095.5
50 casos,4279
50 casos,4196.5
50 casos,4246
50 casos,3941.5
50 casos,4137
50 casos,4393.5
50 casos,4271
50 casos,4228
50 casos,4242
50 casos,4232.5
50 casos,4374.5
50 casos,4200.5
50 casos,3942
50 casos,4224.5
50 casos,4079
50 casos,4422.5
50 casos,4267.5
50 casos,4248.5
50 casos,4142.5
50 casos,4317.5
50 casos,4335
50 casos,4077.5
50 casos,4247.5
50 casos,4194
50 casos,4195
50 casos,4330
50 casos,4169.5
50 casos,4165
50 casos,4101.5
50 casos,4276
50 casos,4207.5
50 casos,4348
50 casos,4193
50 casos,4095
50 casos,4169.5
50 casos,4046
50 casos,4204
50 casos,3969
50 casos,4145
50 casos,4127
50 casos,4517
50 casos,4370
50 casos,4242
50 casos,4352.5
50 casos,4141
50 casos,4169
50 casos,4094
50 casos,4136.5
50 casos,4103
50 casos,4174
50 casos,4093.5
50 casos,4440
50 casos,4266.5
50 casos,4104
50 casos,4284.5
50 casos,4224.5
50 casos,4014.5
50 casos,4163.5
50 casos,4094
50 casos,4208
50 casos,4233
50 casos,4047.5
50 casos,4018.5
50 casos,4249
50 casos,4159.5
50 casos,4117
50 casos,4166.5
50 casos,4402
50 casos,4033.5
50 casos,4022
50 casos,4129
50 casos,3958.5
50 casos,4123
50 casos,4305.5
50 casos,4270.5
50 casos,4202
50 casos,4210.5
50 casos,4188
50 casos,4046
50 casos,4341.5
50 casos,3968.5
50 casos,4127
50 casos,4320.5
50 casos,4141.5
50 casos,4031.5
50 casos,4170
50 casos,4264.5
50 casos,4108.5
50 casos,4188
50 casos,4087.5
50 casos,4530.5
50 casos,4289.5
50 casos,4448
50 casos,4162.5
50 casos,4241.5
50 casos,4246.5
50 casos,4205.5
50 casos,4170.5
50 casos,4200.5
50 casos,4104.5
50 casos,4073.5
50 casos,4254.5
50 casos,4193
50 casos,4228.5
50 casos,4115
50 casos,4062
50 casos,4245
50 casos,4255
50 casos,4124
50 casos,4149
50 casos,4200
50 casos,3935
50 casos,4355.5
50 casos,4205.5
50 casos,4119.5
50 casos,4236.5
50 casos,4318
50 casos,4155
50 casos,4069.5
50 casos,4382
50 casos,4109.5
50 casos,4200.5
50 casos,4415.5
50 casos,4150
50 casos,4200
50 casos,4083
50 casos,4006
50 casos,4103.5
50 casos,4421
50 casos,4154
50 casos,4342
50 casos,4113
50 casos,4269.5
50 casos,4238.5
50 casos,4251.5
50 casos,4076.5
50 casos,4257.5
50 casos,4602.5
50 casos,4110.5
50 casos,4113.5
50 casos,4135
50 casos,4062
50 casos,4298.5
50 casos,4088
50 casos,4290
50 casos,3893.5
50 casos,4277.5
50 casos,4294
50 casos,4199.5
50 casos,4194
50 casos,4323.5
50 casos,4270.5
50 casos,4185
50 casos,4265
50 casos,4076.5
50 casos,4176.5
50 casos,4205
50 casos,4080.5
50 casos,4168
50 casos,4192.5
50 casos,4263.5
50 casos,4332.5
50 casos,4270.5
50 casos,4295
50 casos,4105.5
50 casos,4438.5
50 casos,4169
50 casos,4297.5
50 casos,4418.5
50 casos,4230.5
50 casos,4200
50 casos,4302
50 casos,4330
50 casos,4401.5
50 casos,4224.5
50 casos,3979.5
50 casos,3934.5
50 casos,4192.5
50 casos,4204
50 casos,4434.5
50 casos,4223
50 casos,4289.5
50 casos,4444
50 casos,4000.5
50 casos,4298
50 casos,4336.5
50 casos,4055
50 casos,4215
50 casos,4283
50 casos,4014.5
50 casos,4120
50 casos,4227.5
50 casos,4170.5
50 casos,4165
50 casos,4233
50 casos,4247.5
50 casos,4179.5
50 casos,4231
50 casos,3956
50 casos,4254.5
50 casos,4483
50 casos,4181.5
50 casos,4130
50 casos,4154.5
50 casos,3994.5
50 casos,4248.5
50 casos,4187.5
50 casos,4121.5
50 casos,4151.5
50 casos,4367
50 casos,4353
50 casos,4173
50 casos,4158
50 casos,4189
50 casos,4110
50 casos,4265.5
50 casos,4254.5
50 casos,4088.5
50 casos,4333
50 casos,4646.5
50 casos,4267.5
50 casos,4227.5
50 casos,4120
50 casos,4312
50 casos,4161.5
50 casos,4260.5
50 casos,4136.5
50 casos,4078
50 casos,4143
50 casos,4101.5
50 casos,4323
50 casos,4393.5
50 casos,4463
50 casos,4279.5
50 casos,4202.5
50 casos,4118
50 casos,4226.5
50 casos,4369.5
50 casos,4243
50 casos,4174.5
50 casos,4000.5
50 casos,4241.5
50 casos,3967
50 casos,4118
50 casos,4210
50 casos,4097.5
50 casos,4079.5
50 casos,4030.5
50 casos,4075.5
50 casos,4219
50 casos,4290.5
50 casos,4199.5
50 casos,4344.5
50 casos,4223
50 casos,4157
50 casos,4187.5
50 casos,4114.5
50 casos,4213.5
50 casos,4343.5
50 casos,4291.5
50 casos,4090.5
50 casos,4181.5
50 casos,4130
50 casos,4284.5
50 casos,3956.5
50 casos,4197
50 casos,4106
50 casos,4173.5
50 casos,4186
50 casos,4263.5
50 casos,4388.5
50 casos,4228.5
50 casos,4345.5
50 casos,4135.5
50 casos,4124.5
50 casos,4236.5
50 casos,4119
50 casos,4271
50 casos,4136
50 casos,3983.5
200 casos,4247.5
200 casos,4141.625
200 casos,4178.875
200 casos,4167.125
200 casos,4189.125
200 casos,4173.625
200 casos,4296.125
200 casos,4199.375
200 casos,4202.625
200 casos,4022.25
200 casos,4227.5
200 casos,4323.875
200 casos,4190.625
200 casos,4214.375
200 casos,4167.875
200 casos,4144.375
200 casos,4257.375
200 casos,4225.75
200 casos,4182
200 casos,4213.625
200 casos,4220.75
200 casos,4178.375
200 casos,4287.875
200 casos,4070.75
200 casos,4192.25
200 casos,4140.75
200 casos,4121.125
200 casos,4206.125
200 casos,4173.625
200 casos,4219.5
200 casos,4130.25
200 casos,4293.125
200 casos,4176
200 casos,4148.375
200 casos,4092.375
200 casos,4289.875
200 casos,4101.75
200 casos,4209.25
200 casos,4267.25
200 casos,4214.75
200 casos,4185.75
200 casos,4172.75
200 casos,4244.125
200 casos,4196
200 casos,4212.625
200 casos,4092
200 casos,4235.5
200 casos,4152.5
200 casos,4189.25
200 casos,4236.875
200 casos,4121.5
200 casos,4299
200 casos,4160.75
200 casos,4233.125
200 casos,4196
200 casos,4164.625
200 casos,4149.75
200 casos,4216.25
200 casos,4211.5
200 casos,4244.25
200 casos,4078.75
200 casos,4206.875
200 casos,4315.875
200 casos,4200.125
200 casos,4244.875
200 casos,4235.25
200 casos,4155.25
200 casos,4245.5
200 casos,4119.875
200 casos,4249.875
200 casos,4097.75
200 casos,4263.875
200 casos,4292.875
200 casos,4382.125
200 casos,4324.625
200 casos,4251.5
200 casos,4258.375
200 casos,4174.375
200 casos,4274.125
200 casos,4179.875
200 casos,4207.25
200 casos,4168.5
200 casos,4214.375
200 casos,4220
200 casos,4184.5
200 casos,4144.375
200 casos,4218.125
200 casos,4200.125
200 casos,4186.375
200 casos,4100.25
200 casos,4157.875
200 casos,4256.5
200 casos,4208
200 casos,4291.125
200 casos,4228.875
200 casos,4249.25
200 casos,4216.25
200 casos,4210.375
200 casos,4274.5
200 casos,4169.25
200 casos,4201.125
200 casos,4219.875
200 casos,4231.75
200 casos,4256
200 casos,4119.875
200 casos,4233.625
200 casos,4217.75
200 casos,4235.75
200 casos,4190
200 casos,4155.875
200 casos,4101.5
200 casos,4259
200 casos,4207.375
200 casos,4269.625
200 casos,4147.75
200 casos,4138.125
200 casos,4225.5
200 casos,4125.625
200 casos,4227
200 casos,4237.875
200 casos,4281
200 casos,4248.25
200 casos,4224.875
200 casos,4248
200 casos,4077.375
200 casos,4190.375
200 casos,4160.75
200 casos,4241.5
200 casos,4214.625
200 casos,4243
200 casos,4209.875
200 casos,4152.625
200 casos,4171.25
200 casos,4221.125
200 casos,4171
200 casos,4312.75
200 casos,4136.875
200 casos,4188.375
200 casos,4238
200 casos,4129.75
200 casos,4183.75
200 casos,4150.375
200 casos,4253.875
200 casos,4249.125
200 casos,4145.25
200 casos,4264.75
200 casos,4288.75
200 casos,4285.75
200 casos,4198.75
200 casos,4211.125
200 casos,4150.625
200 casos,4300.625
200 casos,4242.625
200 casos,4187.375
200 casos,4224.5
200 casos,4219.5
200 casos,4169.375
200 casos,4134.875
200 casos,4176.375
200 casos,4224.875
200 casos,4248
200 casos,4257.125
200 casos,4231.875
200 casos,4244.875
200 casos,4108.375
200 casos,4167.625
200 casos,4228.875
200 casos,4284.625
200 casos,4091
200 casos,4215.5
200 casos,4202.75
200 casos,4188.375
200 casos,4232.5
200 casos,4243.125
200 casos,4229.875
200 casos,4311
200 casos,4221.625
200 casos,4181.125
200 casos,4209.75
200 casos,4167.5
200 casos,4262.75
200 casos,4101.25
200 casos,4265.375
200 casos,4136.125
200 casos,4108.25
200 casos,4129.75
200 casos,4273.25
200 casos,4207.25
200 casos,4199.75
200 casos,4206.125
200 casos,4167
200 casos,4241.75
200 casos,4091.25
200 casos,4110.5
200 casos,4200.875
200 casos,4164.875
200 casos,4262.375
200 casos,4290.25
200 casos,4145.375
200 casos,4084.125
200 casos,4139.625
200 casos,4151
200 casos,4192.5
200 casos,4253.125
200 casos,4120.625
200 casos,4101.875
200 casos,4169.5
200 casos,4224
200 casos,4215.25
200 casos,4219.75
200 casos,4151.25
200 casos,4139.875
200 casos,4316.375
200 casos,4143.625
200 casos,4148.75
200 casos,4183.875
200 casos,4158.25
200 casos,4173.25
200 casos,4160.25
200 casos,4216.5
200 casos,4127.625
200 casos,4231.75
200 casos,4273.25
200 casos,4187.75
200 casos,4271.625
200 casos,4224.125
200 casos,4340.75
200 casos,4211
200 casos,4253.125
200 casos,4158.125
200 casos,4211.625
200 casos,4244.25
200 casos,4135
200 casos,4203.75
200 casos,4256.25
200 casos,4163.5
200 casos,4169.125
200 casos,4115.375
200 casos,4174.75
200 casos,4248.125
200 casos,4167.375
200 casos,4207.25
200 casos,4184.375
200 casos,4306.75
200 casos,4258.75
200 casos,4183.5
200 casos,4184.625
200 casos,4163.5
200 casos,4264.5
200 casos,4294.125
200 casos,4220.875
200 casos,4173.75
200 casos,4281
200 casos,4169.5
200 casos,4215.25
200 casos,4176.125
200 casos,4238.75
200 casos,4220.75
200 casos,4246.75
200 casos,4227.75
200 casos,4106.25
200 casos,4199.375
200 casos,4244.75
200 casos,4136.625
200 casos,4226.125
200 casos,4159.875
200 casos,4233
200 casos,4216.375
200 casos,4169.375
200 casos,4168
200 casos,4295.5
200 casos,4253.5
200 casos,4143.5
200 casos,4152.125
200 casos,4266.375
200 casos,4180.625
200 casos,4224.625
200 casos,4218.75
200 casos,4213.125
200 casos,4235.625
200 casos,4129.625
200 casos,4216.875
200 casos,4203.25
200 casos,4175.5
200 casos,4212.625
200 casos,4221
200 casos,4202.625
200 casos,4255
200 casos,4260.5
200 casos,4208.625
200 casos,4298.5
200 casos,4224.75
200 casos,4239.5
200 casos,4276.75
200 casos,4300
200 casos,4341.125
200 casos,4146.5
200 casos,4238.875
200 casos,4228.75
200 casos,4210.375
200 casos,4218
200 casos,4332.875
200 casos,4218.125
200 casos,4193.5
200 casos,4190
200 casos,4292.75
200 casos,4207.625
200 casos,4278.25
200 casos,4167.875
200 casos,4142.875
200 casos,4210.5
200 casos,4165.5
200 casos,4168.5
200 casos,4270.25
200 casos,4121.375
200 casos,4197.75
200 casos,4191.875
200 casos,4266.125
200 casos,4143.25
200 casos,4240
200 casos,4188.625
200 casos,4153.75
200 casos,4204.125
200 casos,4198.375
200 casos,4194.5
200 casos,4308.25
200 casos,4190.25
200 casos,4257.625
200 casos,4252.25
200 casos,4153.5
200 casos,4240.625
200 casos,4258.125
200 casos,4165.375
200 casos,4213.625
200 casos,4170
200 casos,4196.875
200 casos,4175.125
200 casos,4181.375
200 casos,4245.125
200 casos,4166.25
200 casos,4149.875
200 casos,4221.375
200 casos,4114.125
200 casos,4173.75
200 casos,4236
200 casos,4235.5
200 casos,4191.5
200 casos,4101.375
200 casos,4206.75
200 casos,4235
200 casos,4145.75
200 casos,4221.625
200 casos,4116.625
200 casos,4219
200 casos,4087
200 casos,4127.5
200 casos,4208
200 casos,4130
200 casos,4190.875
200 casos,4238.25
200 casos,4164.75
200 casos,4217.125
200 casos,4151.25
200 casos,4187.75
200 casos,4275.75
200 casos,4126.25
200 casos,4189.875
200 casos,4244.125
200 casos,4216.625
200 casos,4097.875
200 casos,4250.5
200 casos,4177.625
200 casos,4250.375
200 casos,4237.375
200 casos,4137.75
200 casos,4139.875
200 casos,4184.875
200 casos,4105.5
200 casos,4209.5
200 casos,4224.125
200 casos,4223.25
200 casos,4358.875
200 casos,4164.5
200 casos,4123
200 casos,4200.875
200 casos,4301
200 casos,4140.375
200 casos,4212.125
200 casos,4262.5
200 casos,4236.375
200 casos,4230.375
200 casos,4092.125
200 casos,4277.5
200 casos,4166.25
200 casos,4258.75
200 casos,4248.875
200 casos,4296.875
200 casos,4162.125
200 casos,4159.25
200 casos,4342.5
200 casos,4203.75
200 casos,4281.75
200 casos,4181.75
200 casos,4238.125
200 casos,4156
200 casos,4089.375
200 casos,4098.5
200 casos,4197.875
200 casos,4104.875
200 casos,4205.875
200 casos,4138.125
200 casos,4196
200 casos,4239.5
200 casos,4127.875
200 casos,4201.375
200 casos,4218.375
200 casos,4283.25
200 casos,4212.25
200 casos,4289.75
200 casos,4187.125
200 casos,4149.625
200 casos,4173.875
200 casos,4124.375
200 casos,4209.5
200 casos,4185.625
200 casos,4329.125
200 casos,4181
200 casos,4221.875
200 casos,4226
200 casos,4184.625
200 casos,4127
200 casos,4143
200 casos,4236.75
200 casos,4050.375
200 casos,4122.875
200 casos,4202.875
200 casos,4204.5
200 casos,4231.875
200 casos,4275.75
200 casos,4250.625
200 casos,4220.625
200 casos,4232.625
200 casos,4161.375
200 casos,4170.75
200 casos,4218.875
200 casos,4191.375
200 casos,4214.5
200 casos,4223.75
200 casos,4184.75
200 casos,4199.5
200 casos,4194.625
200 casos,4203.125
200 casos,4206.875
200 casos,4309.25
200 casos,4252.875
200 casos,4374.75
200 casos,4238.625
200 casos,4194.25
200 casos,4179.5
200 casos,4219.375
200 casos,4297.125
200 casos,4157.5
200 casos,4282.25
200 casos,4239.375
200 casos,4237.125
200 casos,4200.375
200 casos,4273.125
200 casos,4139
200 casos,4209.875
200 casos,4204.25
200 casos,4197.875
200 casos,4299.125
200 casos,4245.875
200 casos,4236.5
200 casos,4269.875
200 casos,4207.125
200 casos,4264.125
200 casos,4153.375
200 casos,4158
200 casos,4239.75
200 casos,4120.25
200 casos,4211
200 casos,4090.5
200 casos,4190.125
200 casos,4142.75
200 casos,4170.5
200 casos,4178.75
200 casos,4210.75
200 casos,4252.75
200 casos,4307.375
200 casos,4243.375
200 casos,4147.75
200 casos,4182.25
200 casos,4246.25
200 casos,4239
200 casos,4223.375
200 casos,4215.375
200 casos,4258.875
200 casos,4223.375
200 casos,4186.875
200 casos,4135.875
200 casos,4259.125
200 casos,4181
200 casos,4212.625
200 casos,4122.625
200 casos,4237.25
200 casos,4210.5
200 casos,4281
200 casos,4218.5
200 casos,4263.5
200 casos,4248.75
200 casos,4324
200 casos,4153.125
200 casos,4258.75
200 casos,4229.25
200 casos,4212.75
200 casos,4210.25
200 casos,4130.875
200 casos,4202.5
200 casos,4257.625
200 casos,4128
200 casos,4258.375
200 casos,4283.75
200 casos,4119.125
200 casos,4255.25
200 casos,4221.875
200 casos,4143.75
200 casos,4149
200 casos,4199.5
200 casos,4144
200 casos,4148.375
200 casos,4232.5
200 casos,4138.125
200 casos,4187.125
200 casos,4240.75
200 casos,4156.375
200 casos,4223.75
200 casos,4210.625
200 casos,4205
200 casos,4189.5
200 casos,4243.125
200 casos,4217.125
200 casos,4154.25
200 casos,4215.875
200 casos,4167.75
200 casos,4187.375
200 casos,4340
200 casos,4214.625
200 casos,4216.625
200 casos,4155.875
200 casos,4137
200 casos,4270.25
200 casos,4228.375
200 casos,4170.125
200 casos,4225.875
200 casos,4091
200 casos,4181.625
200 casos,4147.25
200 casos,4151.25
200 casos,4165.125
200 casos,4230.25
200 casos,4335.375
200 casos,4201.25
200 casos,4250.875
200 casos,4277.875
200 casos,4206.625
200 casos,4149.625
200 casos,4268.625
200 casos,4318.875
200 casos,4173.875
200 casos,4129.25
200 casos,4209.625
200 casos,4093.25
200 casos,4227.625
200 casos,4317.875
200 casos,4264.125
200 casos,4169.625
200 casos,4152.375
200 casos,4122.625
200 casos,4207.75
200 casos,4186.75
200 casos,4160.375
200 casos,4184.125
200 casos,4179.125
200 casos,4204
200 casos,4292.375
200 casos,4194.5
200 casos,4226.375
200 casos,4121.75
200 casos,4225.125
200 casos,4226
200 casos,4162.75
200 casos,4157.5
200 casos,4233
200 casos,4157.25
200 casos,4278.125
200 casos,4188.75
200 casos,4304.625
200 casos,4194.875
200 casos,4256.75
200 casos,4254.25
200 casos,4087.25
200 casos,4114.625
200 casos,4290.375
200 casos,4117.375
200 casos,4277.125
200 casos,4204.875
200 casos,4219
200 casos,4252
200 casos,4177.375
200 casos,4219.5
200 casos,4185.5
200 casos,4150
200 casos,4268.625
200 casos,4251.375
200 casos,4251.625
200 casos,4224.125
200 casos,4107.25
200 casos,4208.5
200 casos,4215.125
200 casos,4260.125
200 casos,4202
200 casos,4202.5
200 casos,4229.125
200 casos,4223.25
200 casos,4232
200 casos,4271.625
200 casos,4234.375
200 casos,4271.5
200 casos,4286.75
200 casos,4160.5
200 casos,4130.875
200 casos,4179.5
200 casos,4264.375
200 casos,4178
200 casos,4178.125
200 casos,4213.5
200 casos,4224.25
200 casos,4151
200 casos,4275.625
200 casos,4263.25
200 casos,4247
200 casos,4152.75
200 casos,4296.125
200 casos,4231.75
200 casos,4331.625
200 casos,4228
200 casos,4250.25
200 casos,4217
200 casos,4250.375
200 casos,4317.625
200 casos,4223.125
200 casos,4162.375
200 casos,4119.375
200 casos,4305
200 casos,4221.75
200 casos,4147.75
200 casos,4176.375
200 casos,4169.875
200 casos,4236.125
200 casos,4216.375
200 casos,4194.75
200 casos,4213.5
200 casos,4271.75
200 casos,4134.25
200 casos,4042
200 casos,4252.375
200 casos,4291.375
200 casos,4154.625
200 casos,4175.5
200 casos,4153
200 casos,4319.75
200 casos,4192.75
200 casos,4223.625
200 casos,4164.75
200 casos,4274.875
200 casos,4168.125
200 casos,4093.5
200 casos,4275.25
200 casos,4226.25
200 casos,4186.125
200 casos,4164.625
200 casos,4211.25
200 casos,4170.75
200 casos,4155.25
200 casos,4093
200 casos,4291.125
200 casos,4131
200 casos,4166.375
200 casos,4151
200 casos,4164.625
200 casos,4289.625
200 casos,4239.5
200 casos,4286.375
200 casos,4290.25
200 casos,4281.75
200 casos,4135.5
200 casos,4109.875
200 casos,4245.375
200 casos,4249
200 casos,4307.625
200 casos,4178.125
200 casos,4147.75
200 casos,4182.125
200 casos,4183.25
200 casos,4255.75
200 casos,4149.5
200 casos,4342
200 casos,4316.875
200 casos,4235.875
200 casos,4145
200 casos,4275.5
200 casos,4176.375
200 casos,4141.875
200 casos,4217.5
200 casos,4138.75
200 casos,4237.625
200 casos,4210.875
200 casos,4190.875
200 casos,4177.5
200 casos,4161.875
200 casos,4193.125
200 casos,4136.625
200 casos,4244.5
200 casos,4163.5
200 casos,4187.375
200 casos,4215.875
200 casos,4239.5
200 casos,4207.125
200 casos,4207.375
200 casos,4194.875
200 casos,4177.625
200 casos,4245.375
200 casos,4245.375
200 casos,4269
200 casos,4258.625
200 casos,4134.25
200 casos,4255
200 casos,4267.625
200 casos,4217.5
200 casos,4197.375
200 casos,4211.625
200 casos,4175.75
200 casos,4170.125
200 casos,4166.625
200 casos,4134.625
200 casos,4138.625
200 casos,4211.625
200 casos,4144.25
200 casos,4199.25
200 casos,4248.75
200 casos,4168
200 casos,4216.5
200 casos,4125.875
200 casos,4255.5
200 casos,4325.75
200 casos,4259.125
200 casos,4217.75
200 casos,4225.125
200 casos,4219.875
200 casos,4178.875
200 casos,4223.875
200 casos,4183.25
200 casos,4238.625
200 casos,4230.25
200 casos,4150.25
200 casos,4160.25
200 casos,4216.25
200 casos,4173.25
200 casos,4146.875
200 casos,4124.75
200 casos,4232.625
200 casos,4200.5
200 casos,4184
200 casos,4182.75
200 casos,4157.125
200 casos,4161.625
200 casos,4189.125
200 casos,4218.75
200 casos,4177.75
200 casos,4190.75
200 casos,4161.375
200 casos,4201.5
200 casos,4210
200 casos,4209.125
200 casos,4169.125
200 casos,4236.375
200 casos,4240.25
200 casos,4117.125
200 casos,4130.375
200 casos,4268.25
200 casos,4172.625
200 casos,4077
200 casos,4186
200 casos,4232.75
200 casos,4215.75
200 casos,4216.375
200 casos,4226
200 casos,4058.5
200 casos,4256
200 casos,4210.25
200 casos,4184.375
200 casos,4175.875
200 casos,4161.625
200 casos,4173.75
200 casos,4264.875
200 casos,4209.75
200 casos,4263.25
200 casos,4090.5
200 casos,4307.625
200 casos,4144
200 casos,4194
200 casos,4105.375
200 casos,4163.5
200 casos,4205.75
200 casos,4216.375
200 casos,4253.625
200 casos,4220.125
200 casos,4273.5
200 casos,4120.5
200 casos,4249.25
200 casos,4163.625
200 casos,4160.375
200 casos,4122.625
200 casos,4265
200 casos,4159
200 casos,4219.75
200 casos,4305
200 casos,4200.875
200 casos,4251
200 casos,4298
200 casos,4158.5
200 casos,4163
200 casos,4151.75
200 casos,4266.75
200 casos,4129.375
200 casos,4220.125
200 casos,4278.125
200 casos,4175.125
200 casos,4226
200 casos,4156.5
200 casos,4153.25
200 casos,4294.875
200 casos,4131.375
200 casos,4236.625
200 casos,4189.75
200 casos,4189.375
200 casos,4091.75
200 casos,4193.125
200 casos,4208.625
200 casos,4162.5
200 casos,4140
200 casos,4180.25
200 casos,4155.25
200 casos,4260.25
200 casos,4243
200 casos,4256.5
200 casos,4198.75
200 casos,4182
200 casos,4275
200 casos,4178.625
200 casos,4236.25
200 casos,4120.125
200 casos,4172
200 casos,4184.5
200 casos,4179
200 casos,4152.625
200 casos,4235.625
200 casos,4092.125
200 casos,4078.875
200 casos,4153.25
200 casos,4118.5
200 casos,4216.125
200 casos,4249
200 casos,4132.5
200 casos,4243.375
200 casos,4292.5
200 casos,4142
200 casos,4117.75
200 casos,4164.375
200 casos,4245.375
200 casos,4190.875
200 casos,4236.125
200 casos,4257
200 casos,4186.75
200 casos,4213.5
200 casos,4146.25
200 casos,4191.75
200 casos,4269
200 casos,4252.625
200 casos,4113.625
200 casos,4185.625
200 casos,4238.5
200 casos,4195.375
200 casos,4185.875
200 casos,4193.625
200 casos,4238.125
200 casos,4177.375
200 casos,4129
200 casos,4165.125
200 casos,4289.25
200 casos,4220.375
200 casos,4240.25
200 casos,4223.5
200 casos,4177.75
200 casos,4105.5
200 casos,4195.125
200 casos,4193.75
200 casos,4124.375
200 casos,4147.375
200 casos,4110.625
200 casos,4179
200 casos,4171.125
200 casos,4240.125
200 casos,4236.125
200 casos,4192.25
200 casos,4069.875
200 casos,4194.125
200 casos,4282.875
200 casos,4275.25
200 casos,4289.375
200 casos,4133.125
200 casos,4084.75
200 casos,4216.75
200 casos,4271
200 casos,4287.5
200 casos,4110.125
200 casos,4142.125
200 casos,4180.625
200 casos,4187.875
200 casos,4245.375
200 casos,4225.75
200 casos,4249
200 casos,4185.375
200 casos,4186.875
200 casos,4173.625
200 casos,4135.5
200 casos,4170.25
200 casos,4204.875
200 casos,4264.25
200 casos,4139
200 casos,4161.75
200 casos,4231.75
200 casos,4243.125
200 casos,4225
200 casos,4071.625
200 casos,4144.625
200 casos,4231.5
200 casos,4061.75
200 casos,4266.875
200 casos,4117.25
200 casos,4196.5
200 casos,4196.375
200 casos,4169.125
200 casos,4316.25
200 casos,4148.125
200 casos,4228.75
200 casos,4199.75
200 casos,4191.25
200 casos,4251.625
200 casos,4147.375
200 casos,4090.375
200 casos,4255.875
200 casos,4262.5
200 casos,4287.625
200 casos,4142.25
200 casos,4180.875
200 casos,4213.25
200 casos,4270.125
200 casos,4239.75
200 casos,4217.375
200 casos,4292.125
200 casos,4194.125
200 casos,4174.5
200 casos,4210.5
200 casos,4182.75
200 casos,4147.75
200 casos,4114.375
200 casos,4070.875
200 casos,4195.375
200 casos,4198
200 casos,4257.125
200 casos,4263
200 casos,4301.25
200 casos,4163.75
200 casos,4216.25
200 casos,4225.125
200 casos,4231.75
200 casos,4249
200 casos,4168.75
200 casos,4226.875
200 casos,4179.5
200 casos,4166.625
200 casos,4172
200 casos,4146.25
200 casos,4189.875
200 casos,4155.125
200 casos,4288.5
200 casos,4201.125
200 casos,4215
1000 casos,4215.975
1000 casos,4191.675
1000 casos,4202.425
1000 casos,4193.15
1000 casos,4233.875
1000 casos,4185.025
1000 casos,4208.65
1000 casos,4198.675
1000 casos,4224.675
1000 casos,4218.95
1000 casos,4242.625
1000 casos,4219.375
1000 casos,4203.825
1000 casos,4216.35
1000 casos,4145
1000 casos,4170.725
1000 casos,4208.15
1000 casos,4185.25
1000 casos,4150.4
1000 casos,4205.2
1000 casos,4223.475
1000 casos,4188.9
1000 casos,4210.3
1000 casos,4177.5
1000 casos,4204.925
1000 casos,4237.05
1000 casos,4220.7
1000 casos,4203.325
1000 casos,4210.3
1000 casos,4162.4
1000 casos,4170.875
1000 casos,4225.5
1000 casos,4211.775
1000 casos,4186.975
1000 casos,4204.525
1000 casos,4185.9
1000 casos,4210.75
1000 casos,4172.025
1000 casos,4227.15
1000 casos,4214.925
1000 casos,4213.15
1000 casos,4168.075
1000 casos,4177.325
1000 casos,4193.925
1000 casos,4204.3
1000 casos,4235.8
1000 casos,4191.425
1000 casos,4206.75
1000 casos,4176.075
1000 casos,4179.5
1000 casos,4186.95
1000 casos,4214.7
1000 casos,4190
1000 casos,4179.425
1000 casos,4192.8
1000 casos,4219.2
1000 casos,4228.55
1000 casos,4231.9
1000 casos,4199.275
1000 casos,4192.375
1000 casos,4202.8
1000 casos,4208
1000 casos,4213.975
1000 casos,4205.275
1000 casos,4195.35
1000 casos,4211.525
1000 casos,4180.8
1000 casos,4181.175
1000 casos,4159.05
1000 casos,4213
1000 casos,4198.325
1000 casos,4185.25
1000 casos,4209.65
1000 casos,4199.65
1000 casos,4210.525
1000 casos,4223.275
1000 casos,4227.175
1000 casos,4195.85
1000 casos,4207.65
1000 casos,4180.375
1000 casos,4218.25
1000 casos,4158.55
1000 casos,4220.35
1000 casos,4235.675
1000 casos,4194.825
1000 casos,4205.35
1000 casos,4168.075
1000 casos,4187.8
1000 casos,4173.25
1000 casos,4222.2
1000 casos,4176.575
1000 casos,4154.3
1000 casos,4205.9
1000 casos,4207.625
1000 casos,4183.575
1000 casos,4129.3
1000 casos,4237.3
1000 casos,4203.9
1000 casos,4188.025
1000 casos,4201.625
1000 casos,4176.55
1000 casos,4188.35
1000 casos,4203.1
1000 casos,4224.325
1000 casos,4191.6
1000 casos,4225.675
1000 casos,4227.525
1000 casos,4167.475
1000 casos,4180.925
1000 casos,4201.025
1000 casos,4204.8
1000 casos,4230.725
1000 casos,4163.625
1000 casos,4183.675
1000 casos,4224.25
1000 casos,4183.025
1000 casos,4190.825
1000 casos,4226.7
1000 casos,4160.7
1000 casos,4177.175
1000 casos,4206.75
1000 casos,4180.475
1000 casos,4164
1000 casos,4174.225
1000 casos,4208.15
1000 casos,4186.875
1000 casos,4229.425
1000 casos,4202.425
1000 casos,4215.275
1000 casos,4209.075
1000 casos,4199.975
1000 casos,4162.15
1000 casos,4213.35
1000 casos,4202.9
1000 casos,4258.475
1000 casos,4217.375
1000 casos,4194.825
1000 casos,4174.85
1000 casos,4264.65
1000 casos,4214.425
1000 casos,4178.4
1000 casos,4181.35
1000 casos,4211.75
1000 casos,4174.85
1000 casos,4187.725
1000 casos,4212.275
1000 casos,4248.925
1000 casos,4174.75
1000 casos,4230.475
1000 casos,4198.375
1000 casos,4146.775
1000 casos,4156.95
1000 casos,4246.85
1000 casos,4172.225
1000 casos,4202.45
1000 casos,4161.2
1000 casos,4227.35
1000 casos,4210.875
1000 casos,4240.875
1000 casos,4223.275
1000 casos,4199.25
1000 casos,4188.9
1000 casos,4216.475
1000 casos,4227.775
1000 casos,4208.7
1000 casos,4190.875
1000 casos,4228.25
1000 casos,4240.425
1000 casos,4196.4
1000 casos,4183.3
1000 casos,4231.875
1000 casos,4236.275
1000 casos,4194.05
1000 casos,4225.875
1000 casos,4201.7
1000 casos,4220.325
1000 casos,4230.25
1000 casos,4197.5
1000 casos,4209.45
1000 casos,4211.35
1000 casos,4221.7
1000 casos,4212.525
1000 casos,4205.9
1000 casos,4207.95
1000 casos,4172.225
1000 casos,4168
1000 casos,4172.3
1000 casos,4239.05
1000 casos,4166.4
1000 casos,4199.325
1000 casos,4177.675
1000 casos,4214.8
1000 casos,4237.925
1000 casos,4203.475
1000 casos,4221.325
1000 casos,4227.925
1000 casos,4221.7
1000 casos,4205.15
1000 casos,4174.625
1000 casos,4223.6
1000 casos,4199.15
1000 casos,4252.2
1000 casos,4227.55
1000 casos,4236.75
1000 casos,4165.2
1000 casos,4202.425
1000 casos,4232.9
1000 casos,4240.45
1000 casos,4199.925
1000 casos,4185.625
1000 casos,4217.1
1000 casos,4196.425
1000 casos,4176.575
1000 casos,4235.025
1000 casos,4162.525
1000 casos,4184.15
1000 casos,4197.425
1000 casos,4184.725
1000 casos,4244.1
1000 casos,4181.325
1000 casos,4230.525
1000 casos,4232.7
1000 casos,4223.8
1000 casos,4208
1000 casos,4182.625
1000 casos,4229.225
1000 casos,4215.525
1000 casos,4212.8
1000 casos,4186.675
1000 casos,4198.175
1000 casos,4256.825
1000 casos,4191.175
1000 casos,4206.675
1000 casos,4166.475
1000 casos,4197.875
1000 casos,4164.975
1000 casos,4235.85
1000 casos,4217.4
1000 casos,4211.025
1000 casos,4185.175
1000 casos,4208.625
1000 casos,4206.225
1000 casos,4209.2
1000 casos,4208.675
1000 casos,4225.2
1000 casos,4179.3
1000 casos,4199.8
1000 casos,4219.825
1000 casos,4200.375
1000 casos,4177.875
1000 casos,4198.975
1000 casos,4181.525
1000 casos,4211.775
1000 casos,4153.9
1000 casos,4220.275
1000 casos,4246.05
1000 casos,4224.525
1000 casos,4208.2
1000 casos,4166.75
1000 casos,4192.775
1000 casos,4251.25
1000 casos,4192.175
1000 casos,4195.5
1000 casos,4177.4
1000 casos,4197.375
1000 casos,4173.65
1000 casos,4157.325
1000 casos,4149.3
1000 casos,4215.075
1000 casos,4189.475
1000 casos,4190.35
1000 casos,4196.475
1000 casos,4180.8
1000 casos,4218.325
1000 casos,4215.2
1000 casos,4220.775
1000 casos,4196.95
1000 casos,4215.775
1000 casos,4206.85
1000 casos,4239.575
1000 casos,4150.8
1000 casos,4191.75
1000 casos,4203.85
1000 casos,4217.475
1000 casos,4199.05
1000 casos,4205.975
1000 casos,4200.975
1000 casos,4219
1000 casos,4211
1000 casos,4186.925
1000 casos,4206.15
1000 casos,4170.475
1000 casos,4216.1
1000 casos,4199.6
1000 casos,4174.525
1000 casos,4183.325
1000 casos,4194.525
1000 casos,4207.05
1000 casos,4230.625
1000 casos,4186.275
1000 casos,4207.325
1000 casos,4172.1
1000 casos,4204.025
1000 casos,4295
1000 casos,4221.325
1000 casos,4187.7
1000 casos,4183
1000 casos,4195.95
1000 casos,4191.175
1000 casos,4214.25
1000 casos,4172.95
1000 casos,4210.275
1000 casos,4247.5
1000 casos,4191.95
1000 casos,4183.125
1000 casos,4199.475
1000 casos,4195.15
1000 casos,4176.025
1000 casos,4203.525
1000 casos,4198.5
1000 casos,4167.125
1000 casos,4193.85
1000 casos,4219.8
1000 casos,4215.875
1000 casos,4215.15
1000 casos,4239.05
1000 casos,4155.075
1000 casos,4229.7
1000 casos,4187.95
1000 casos,4206.1
1000 casos,4200
1000 casos,4187.55
1000 casos,4200.475
1000 casos,4207.775
1000 casos,4189.7
1000 casos,4190.85
1000 casos,4190.55
1000 casos,4177.2
1000 casos,4231.75
1000 casos,4176.125
1000 casos,4231.4
1000 casos,4254.525
1000 casos,4188.3
1000 casos,4192.2
1000 casos,4151.8
1000 casos,4220.675
1000 casos,4196.925
1000 casos,4141.55
1000 casos,4127.625
1000 casos,4197.3
1000 casos,4189.425
1000 casos,4178.125
1000 casos,4217.15
1000 casos,4233.75
1000 casos,4212.725
1000 casos,4201.275
1000 casos,4190.275
1000 casos,4167.7
1000 casos,4189.05
1000 casos,4173.375
1000 casos,4157.525
1000 casos,4174.5
1000 casos,4207.75
1000 casos,4183.725
1000 casos,4227.325
1000 casos,4205.5
1000 casos,4190.475
1000 casos,4196.85
1000 casos,4162.025
1000 casos,4197.3
1000 casos,4224.025
1000 casos,4252.675
1000 casos,4178.1
1000 casos,4151.975
1000 casos,4163.125
1000 casos,4193.95
1000 casos,4219.925
1000 casos,4210.25
1000 casos,4210.375
1000 casos,4209.75
1000 casos,4197.25
1000 casos,4218.9
1000 casos,4174.2
1000 casos,4169.4
1000 casos,4180.875
1000 casos,4197.325
1000 casos,4169.025
1000 casos,4172.3
1000 casos,4250.775
1000 casos,4174.55
1000 casos,4191.7
1000 casos,4230.9
1000 casos,4203.4
1000 casos,4177.5
1000 casos,4191.2
1000 casos,4189.15
1000 casos,4187
1000 casos,4206.175
1000 casos,4197.575
1000 casos,4188.925
1000 casos,4217.125
1000 casos,4200.225
1000 casos,4182.875
1000 casos,4193.675
1000 casos,4199.075
1000 casos,4192.25
1000 casos,4223.7
1000 casos,4205.525
1000 casos,4208.575
1000 casos,4213.15
1000 casos,4169.875
1000 casos,4212.9
1000 casos,4225.475
1000 casos,4188.3
1000 casos,4211.025
1000 casos,4144.45
1000 casos,4193.35
1000 casos,4221.55
1000 casos,4193.625
1000 casos,4205.025
1000 casos,4219.25
1000 casos,4208.575
1000 casos,4220.575
1000 casos,4241.375
1000 casos,4197.675
1000 casos,4189.425
1000 casos,4212.3
1000 casos,4250
1000 casos,4202.1
1000 casos,4168.15
1000 casos,4177.775
1000 casos,4226.575
1000 casos,4211.875
1000 casos,4179.225
1000 casos,4185.125
1000 casos,4238.975
1000 casos,4189.525
1000 casos,4257.85
1000 casos,4217.225
1000 casos,4222.4
1000 casos,4229.225
1000 casos,4164.15
1000 casos,4177.825
1000 casos,4185.8
1000 casos,4238.225
1000 casos,4190.825
1000 casos,4175
1000 casos,4219.575
1000 casos,4204.125
1000 casos,4236.125
1000 casos,4163.45
1000 casos,4212.425
1000 casos,4166.575
1000 casos,4174.8
1000 casos,4218.95
1000 casos,4168.125
1000 casos,4195.575
1000 casos,4249.65
1000 casos,4165.675
1000 casos,4150.85
1000 casos,4215.225
1000 casos,4185.125
1000 casos,4160.725
1000 casos,4234.75
1000 casos,4189.35
1000 casos,4228.85
1000 casos,4230.6
1000 casos,4183.325
1000 casos,4195.775
1000 casos,4235.775
1000 casos,4194.6
1000 casos,4184.975
1000 casos,4230.725
1000 casos,4190.075
1000 casos,4169.6
1000 casos,4233.9
1000 casos,4192.675
1000 casos,4235.375
1000 casos,4212.925
1000 casos,4219
1000 casos,4211.5
1000 casos,4147.5
1000 casos,4184.85
1000 casos,4218.65
1000 casos,4199.075
1000 casos,4224.225
1000 casos,4211.025
1000 casos,4214.375
1000 casos,4203.75
1000 casos,4176.125
1000 casos,4217.95
1000 casos,4182.025
1000 casos,4200.275
1000 casos,4235.975
1000 casos,4196.525
1000 casos,4176.8
1000 casos,4208.875
1000 casos,4186.925
1000 casos,4159.575
1000 casos,4168.3
1000 casos,4172.675
1000 casos,4203.275
1000 casos,4199.7
1000 casos,4186.075
1000 casos,4213.5
1000 casos,4215.5
1000 casos,4183.7
1000 casos,4224.525
1000 casos,4151.325
1000 casos,4219.275
1000 casos,4223.925
1000 casos,4176.4
1000 casos,4208.15
1000 casos,4206.225
1000 casos,4226.2
1000 casos,4244.925
1000 casos,4154.875
1000 casos,4213.05
1000 casos,4179.225
1000 casos,4202.3
1000 casos,4175.975
1000 casos,4233.75
1000 casos,4209.525
1000 casos,4207.875
1000 casos,4138.525
1000 casos,4206
1000 casos,4228.825
1000 casos,4190.55
1000 casos,4140.25
1000 casos,4210.1
1000 casos,4209.825
1000 casos,4252.95
1000 casos,4193.725
1000 casos,4191.95
1000 casos,4173.1
1000 casos,4193.325
1000 casos,4186.975
1000 casos,4188.875
1000 casos,4203.4
1000 casos,4211.925
1000 casos,4221.85
1000 casos,4160.425
1000 casos,4152.9
1000 casos,4165.55
1000 casos,4185.35
1000 casos,4185.375
1000 casos,4191.75
1000 casos,4205.075
1000 casos,4221.675
1000 casos,4228.85
1000 casos,4246.125
1000 casos,4199.65
1000 casos,4162.65
1000 casos,4200.275
1000 casos,4236
1000 casos,4201.8
1000 casos,4223.125
1000 casos,4196.75
1000 casos,4193.5
1000 casos,4236.375
1000 casos,4180.75
1000 casos,4195.05
1000 casos,4236.625
1000 casos,4227.075
1000 casos,4220.2
1000 casos,4191.1
1000 casos,4202.225
1000 casos,4198.25
1000 casos,4246.325
1000 casos,4218.375
1000 casos,4171.275
1000 casos,4193.125
1000 casos,4259.325
1000 casos,4215.9
1000 casos,4192.4
1000 casos,4198.775
1000 casos,4231
1000 casos,4230.95
1000 casos,4191.7
1000 casos,4223.175
1000 casos,4202.175
1000 casos,4201.975
1000 casos,4239.225
1000 casos,4230.625
1000 casos,4189
1000 casos,4212.225
1000 casos,4207.825
1000 casos,4191.325
1000 casos,4172.3
1000 casos,4210.625
1000 casos,4200.75
1000 casos,4194.4
1000 casos,4203.55
1000 casos,4176.1
1000 casos,4182.25
1000 casos,4209.375
1000 casos,4187.375
1000 casos,4194.35
1000 casos,4216.975
1000 casos,4183.175
1000 casos,4213.375
1000 casos,4160.325
1000 casos,4153.675
1000 casos,4187.925
1000 casos,4228.6
1000 casos,4210.225
1000 casos,4189.175
1000 casos,4216.575
1000 casos,4229.725
1000 casos,4224.95
1000 casos,4196.125
1000 casos,4276.15
1000 casos,4221.825
1000 casos,4177.725
1000 casos,4175.7
1000 casos,4202.475
1000 casos,4190.4
1000 casos,4219.3
1000 casos,4214.7
1000 casos,4162.425
1000 casos,4236.725
1000 casos,4210.075
1000 casos,4214.375
1000 casos,4159.825
1000 casos,4185.75
1000 casos,4214.9
1000 casos,4223.275
1000 casos,4230.35
1000 casos,4163.3
1000 casos,4196.375
1000 casos,4207.275
1000 casos,4219.15
1000 casos,4220.825
1000 casos,4175.35
1000 casos,4241.575
1000 casos,4221.4
1000 casos,4187.875
1000 casos,4196.325
1000 casos,4199.525
1000 casos,4167.725
1000 casos,4209.8
1000 casos,4255.4
1000 casos,4238.1
1000 casos,4203.075
1000 casos,4241.6
1000 casos,4187.225
1000 casos,4199.425
1000 casos,4205.15
1000 casos,4174.35
1000 casos,4164.45
1000 casos,4232.85
1000 casos,4187.65
1000 casos,4236.925
1000 casos,4207.7
1000 casos,4219.15
1000 casos,4205.525
1000 casos,4206.575
1000 casos,4180.225
1000 casos,4166.15
1000 casos,4279.1
1000 casos,4174.175
1000 casos,4178.225
1000 casos,4190.25
1000 casos,4175.95
1000 casos,4201.425
1000 casos,4248.575
1000 casos,4186.9
1000 casos,4151.525
1000 casos,4209.575
1000 casos,4195.95
1000 casos,4245.175
1000 casos,4203.55
1000 casos,4192.95
1000 casos,4196.25
1000 casos,4238.8
1000 casos,4215.35
1000 casos,4203.25
1000 casos,4178.85
1000 casos,4166.075
1000 casos,4162.275
1000 casos,4206.175
1000 casos,4190.425
1000 casos,4222.75
1000 casos,4203.15
1000 casos,4196.65
1000 casos,4243.725
1000 casos,4196.525
1000 casos,4230.9
1000 casos,4177.9
1000 casos,4236.9
1000 casos,4203.1
1000 casos,4170.45
1000 casos,4203.325
1000 casos,4194.45
1000 casos,4200.875
1000 casos,4237.525
1000 casos,4197.675
1000 casos,4236.725
1000 casos,4187.925
1000 casos,4201.625
1000 casos,4158.775
1000 casos,4232.45
1000 casos,4187.3
1000 casos,4188.95
1000 casos,4200.575
1000 casos,4193.8
1000 casos,4216.6
1000 casos,4249.1
1000 casos,4251.525
1000 casos,4169.6
1000 casos,4207.775
1000 casos,4189.275
1000 casos,4173.525
1000 casos,4210.575
1000 casos,4199.1
1000 casos,4169.525
1000 casos,4169.95
1000 casos,4218.8
1000 casos,4238.15
1000 casos,4178.975
1000 casos,4251.35
1000 casos,4182.775
1000 casos,4205.925
1000 casos,4192.725
1000 casos,4222.825
1000 casos,4183.05
1000 casos,4191
1000 casos,4181.45
1000 casos,4199.825
1000 casos,4182.7
1000 casos,4202.875
1000 casos,4204.05
1000 casos,4160.425
1000 casos,4187.55
1000 casos,4231.75
1000 casos,4173.025
1000 casos,4191.625
1000 casos,4222.325
1000 casos,4220.975
1000 casos,4214.975
1000 casos,4173.325
1000 casos,4190.275
1000 casos,4216.825
1000 casos,4200.45
1000 casos,4196.825
1000 casos,4185.425
1000 casos,4209.925
1000 casos,4177.325
1000 casos,4179.125
1000 casos,4215.05
1000 casos,4164.625
1000 casos,4169.1
1000 casos,4170.275
1000 casos,4169.65
1000 casos,4246.025
1000 casos,4201.075
1000 casos,4199.775
1000 casos,4250.875
1000 casos,4183.775
1000 casos,4156.375
1000 casos,4214.575
1000 casos,4209.15
1000 casos,4197.85
1000 casos,4207.5
1000 casos,4194.6
1000 casos,4180.7
1000 casos,4204.35
1000 casos,4155.45
1000 casos,4237.275
1000 casos,4209.525
1000 casos,4236.175
1000 casos,4229.3
1000 casos,4199.45
1000 casos,4180.475
1000 casos,4199.45
1000 casos,4220.175
1000 casos,4215.775
1000 casos,4202.4
1000 casos,4215.375
1000 casos,4205.4
1000 casos,4205.825
1000 casos,4197.525
1000 casos,4191.425
1000 casos,4225.15
1000 casos,4208.2
1000 casos,4216
1000 casos,4231.65
1000 casos,4179.375
1000 casos,4177.025
1000 casos,4201.825
1000 casos,4188.025
1000 casos,4182.5
1000 casos,4198.4
1000 casos,4161.9
1000 casos,4190.25
1000 casos,4205.275
1000 casos,4225.75
1000 casos,4191.025
1000 casos,4197.525
1000 casos,4194.7
1000 casos,4228.525
1000 casos,4193.1
1000 casos,4198.675
1000 casos,4191.425
1000 casos,4188.875
1000 casos,4185.575
1000 casos,4218.1
1000 casos,4214.125
1000 casos,4187.875
1000 casos,4216.675
1000 casos,4225.9
1000 casos,4165.65
1000 casos,4216.9
1000 casos,4223.15
1000 casos,4183.825
1000 casos,4222.4
1000 casos,4173.35
1000 casos,4210.1
1000 casos,4208.875
1000 casos,4191.25
1000 casos,4189.85
1000 casos,4174.575
1000 casos,4212.225
1000 casos,4203.55
1000 casos,4196.575
1000 casos,4227.925
1000 casos,4219.2
1000 casos,4209.6
1000 casos,4183.375
1000 casos,4189.025
1000 casos,4197.425
1000 casos,4248.575
1000 casos,4239.875
1000 casos,4228.575
1000 casos,4199.175
1000 casos,4143.875
1000 casos,4229.4
1000 casos,4229.45
1000 casos,4226.075
1000 casos,4219.625
1000 casos,4180.425
1000 casos,4199.825
1000 casos,4217.7
1000 casos,4229.125
1000 casos,4163.325
1000 casos,4187.5
1000 casos,4163.425
1000 casos,4188.15
1000 casos,4181.35
1000 casos,4182.6
1000 casos,4180
1000 casos,4205.9
1000 casos,4173.85
1000 casos,4191.825
1000 casos,4174.625
1000 casos,4193.675
1000 casos,4197.1
1000 casos,4186.925
1000 casos,4208.275
1000 casos,4214.475
1000 casos,4230.3
1000 casos,4213.825
1000 casos,4198.4
1000 casos,4229.4
1000 casos,4163.95
1000 casos,4170.275
1000 casos,4222.975
1000 casos,4193.325
1000 casos,4182.4
1000 casos,4213.125
1000 casos,4144.525
1000 casos,4201.15
1000 casos,4232.6
1000 casos,4193.475
1000 casos,4171.475
1000 casos,4211.675
1000 casos,4189.2
1000 casos,4176.1
1000 casos,4218.65
1000 casos,4186.1
1000 casos,4211.3
1000 casos,4246.725
1000 casos,4180.875
1000 casos,4195.1
1000 casos,4169.85
1000 casos,4225.4
1000 casos,4219.525
1000 casos,4225.725
1000 casos,4244.325
1000 casos,4264.5
1000 casos,4186.9
1000 casos,4200.075
1000 casos,4266.15
1000 casos,4224.675
1000 casos,4240.025
1000 casos,4202.15
1000 casos,4166.675
1000 casos,4195.175
1000 casos,4207.6
1000 casos,4188.95
1000 casos,4197.85
1000 casos,4184
1000 casos,4211.275
1000 casos,4235.55
1000 casos,4225
1000 casos,4209.925
1000 casos,4231.225
1000 casos,4212.775
1000 casos,4192.5
1000 casos,4184
1000 casos,4132.475
1000 casos,4198.675
1000 casos,4201.775
1000 casos,4197.5
1000 casos,4232.375
1000 casos,4188
1000 casos,4188.175
1000 casos,4267.675
1000 casos,4219.975
1000 casos,4229.6
1000 casos,4225.125
1000 casos,4227.525
1000 casos,4203
1000 casos,4214.525
1000 casos,4215.05
1000 casos,4220.35
1000 casos,4168.65
1000 casos,4227.8
1000 casos,4227.975
1000 casos,4180.8
1000 casos,4238
1000 casos,4179.85
1000 casos,4200.25
1000 casos,4198.1
1000 casos,4187.5
1000 casos,4162.475
1000 casos,4193.25
1000 casos,4185.775
1000 casos,4210.3
1000 casos,4253.425
1000 casos,4209.2
1000 casos,4180.95
1000 casos,4190.85
1000 casos,4191.8
1000 casos,4183.975
1000 casos,4179.825
1000 casos,4232.975
1000 casos,4166.6
1000 casos,4188.125
1000 casos,4201.825
1000 casos,4170.6
1000 casos,4177.9
1000 casos,4214.7
1000 casos,4172.175
1000 casos,4194.325
1000 casos,4242.775
1000 casos,4155.95
1000 casos,4177.225
1000 casos,4195.45
1000 casos,4161.4
1000 casos,4142.9
1000 casos,4194.875
1000 casos,4236.925
1000 casos,4182.225
1000 casos,4242.55
1000 casos,4202.2
1000 casos,4177.275
1000 casos,4195
1000 casos,4210.175
1000 casos,4228.7
1000 casos,4172.8
1000 casos,4201.225
1000 casos,4191.3
1000 casos,4175.05
1000 casos,4202.5
1000 casos,4210.05
1000 casos,4190.675
1000 casos,4168.925
1000 casos,4157.125
1000 casos,4174.45
1000 casos,4213.275
1000 casos,4182.25
1000 casos,4179.25
1000 casos,4204.95
1000 casos,4226.5
1000 casos,4181.675
1000 casos,4191.1
1000 casos,4234.025
1000 casos,4212.15
1000 casos,4201.275
1000 casos,4221.575
1000 casos,4201.95
1000 casos,4210.825
1000 casos,4146.025
1000 casos,4172.1
1000 casos,4197.2
1000 casos,4193.175
1000 casos,4191.125
1000 casos,4195.05
1000 casos,4204.65
